Disease,Causes,Precautions,Treatment
Angioectasia,"The causes of Angioectasia include age-related degeneration of blood vessels, chronic kidney disease, and conditions like aortic stenosis. More details about causes: Angioectasias are dilated, fragile blood vessels in the gastrointestinal tract that can rupture and cause bleeding. They are more common in elderly patients and may be associated with conditions like von Willebrand disease or hereditary hemorrhagic telangiectasia.","The precautions for Angioectasia include monitoring for signs of gastrointestinal bleeding, avoiding NSAIDs and anticoagulants unless necessary, and regular checkups for high-risk patients. More details about precautions: Patients with known vascular fragility should be evaluated periodically with endoscopic imaging if symptomatic or anemic.","The treatment for Angioectasia includes endoscopic coagulation (e.g., argon plasma coagulation), iron supplementation, and sometimes medications like octreotide to reduce bleeding risk. More details about treatment: Recurrent or diffuse lesions may require repeated endoscopic therapy or surgery in severe cases."
Bleeding,"The causes of Bleeding include peptic ulcers, vascular malformations like angioectasia, tumors, trauma, and medication-induced erosion (e.g., NSAIDs, anticoagulants). More details about causes: Small bowel bleeding can also result from Crohn’s disease or ischemia. Anticoagulant therapy is a frequent precipitating factor.","The precautions for Bleeding include avoiding ulcerogenic drugs, monitoring hemoglobin levels, and managing comorbidities that increase bleeding risk. More details about precautions: Patients on anticoagulants should undergo periodic gastrointestinal evaluation, especially if presenting with anemia or occult blood.","The treatment for Bleeding includes endoscopic intervention (clipping, coagulation), blood transfusions, and treating the root cause of the bleeding. More details about treatment: Severe or persistent bleeding may require angiographic embolization or surgery."
Erosion,"The causes of Erosion include prolonged NSAID use, infections such as H. pylori, stress-related mucosal damage, and autoimmune diseases like Crohn’s. More details about causes: Erosions are superficial lesions that can evolve into ulcers if untreated and are commonly seen in patients with GI inflammation.","The precautions for Erosion include avoiding NSAIDs and other mucosal irritants, stress management, and screening for H. pylori in symptomatic patients. More details about precautions: Regular monitoring is advised in patients with chronic inflammation or on long-term NSAID therapy.","The treatment for Erosion includes proton pump inhibitors (PPIs), antibiotics for H. pylori, and cessation of offending agents. More details about treatment: Corticosteroids may be used if erosion is part of an autoimmune condition."
Erythema,"The causes of Erythema include inflammatory bowel disease (IBD), infections, food allergies, or medication-induced enteritis. More details about causes: Erythema signifies redness due to inflammation and is often a nonspecific sign of irritation or early inflammation.","The precautions for Erythema include identifying and avoiding allergens, managing inflammatory diseases proactively, and adjusting medications that may contribute. More details about precautions: Dietary regulation and maintaining gut microbiota balance may also help reduce erythema risk.","The treatment for Erythema includes anti-inflammatory therapy, antibiotics if infectious, and dietary modifications. More details about treatment: In IBD-related erythema, immunosuppressive or biologic therapy may be indicated."
Foreign body,"The causes of Foreign body include accidental ingestion, psychiatric conditions, or intentional swallowing of objects. More details about causes: It is more common in children, elderly, or individuals with cognitive impairment or mental health conditions.","The precautions for Foreign body include supervising at-risk individuals, avoiding small or sharp objects around children, and modifying diet textures when needed. More details about precautions: Use of dentures or neurological disorders may increase risk and require preventive care.","The treatment for Foreign body includes endoscopic removal, observation for spontaneous passage, or surgical intervention if complications arise. More details about treatment: Most small, smooth objects pass naturally; sharp or toxic objects require urgent removal."
Lymphangiectasia,The causes of Lymphangiectasia include congenital malformation of lymphatic vessels and secondary obstruction due to inflammation or neoplasm. More details about causes: It can also be part of systemic lymphatic disorders or associated with protein-losing enteropathy.,"The precautions for Lymphangiectasia include adherence to a low-fat diet and regular monitoring of protein and lymphocyte levels. More details about precautions: Medium-chain triglycerides (MCT) are preferred as they are absorbed directly into the portal vein, bypassing lymphatics.","The treatment for Lymphangiectasia includes dietary management, octreotide to reduce lymphatic pressure, and surgery in localized cases. More details about treatment: Immunosuppressive therapy may be used if associated with an inflammatory disorder."
Polyp,"The causes of Polyp include genetic syndromes like familial adenomatous polyposis (FAP), chronic inflammation, and sporadic cellular proliferation. More details about causes: Polyps may be adenomatous or hyperplastic and have potential for malignant transformation, especially if dysplastic.","The precautions for Polyp include regular endoscopic screening, especially for patients with family history, and timely removal of detected polyps. More details about precautions: Lifestyle changes such as fiber-rich diets and reduced red meat intake may lower polyp risk.","The treatment for Polyp includes endoscopic removal (polypectomy), histological analysis, and surgical resection if cancerous or large. More details about treatment: Surveillance is essential to detect recurrence or progression."
Ulcer,"The causes of Ulcer include H. pylori infection, NSAID overuse, Crohn’s disease, and ischemia. More details about causes: Ulcers are full-thickness mucosal breaks and can cause significant bleeding or perforation if untreated.","The precautions for Ulcer include avoiding NSAIDs, treating H. pylori, and managing inflammatory diseases. More details about precautions: Patients with a history of ulcers should use gastroprotective agents like PPIs.","The treatment for Ulcer includes proton pump inhibitors, antibiotics for infection, and immunosuppressants if related to IBD. More details about treatment: Severe ulcers may require endoscopic therapy or surgery."
Worms,"The causes of Worms include ingestion of contaminated food or water, poor sanitation, and exposure in endemic regions. More details about causes: Common parasites include Ascaris, hookworms, and tapeworms. They can cause malnutrition and bleeding.","The precautions for Worms include hand hygiene, proper food preparation, and periodic deworming in high-risk areas. More details about precautions: Public health measures and sanitation improvements are critical in endemic zones.","The treatment for Worms includes antihelminthic medications like albendazole or mebendazole, along with nutritional support. More details about treatment: Follow-up is essential to ensure complete eradication and manage complications like anemia."
Normal,"The causes of a Normal result indicate the absence of any visible abnormality in the gastrointestinal mucosa. More details about causes: This may suggest a healthy gut or that any symptoms are due to functional, rather than structural, issues.","The precautions for Normal include maintaining a healthy lifestyle, balanced diet, and regular checkups if symptomatic. More details about precautions: Preventive care and avoiding GI irritants help maintain a normal mucosal state.","The treatment for Normal includes no specific intervention unless symptoms arise. More details about treatment: If symptoms are present despite normal VCE findings, consider motility disorders or functional GI diseases."
